DEMOSYSTEM,OU=DEMOSYSTEM,DC=cimitrademo,DC=com
KCC,OU=KCC,OU=DEMOSYSTEM,DC=cimitrademo,DC=com
USERS,OU=USERS,OU=KCC,OU=DEMOSYSTEM,DC=cimitrademo,DC=com
ADMINISTRATION,OU=ADMINISTRATION,OU=USERS,OU=KCC,OU=DEMOSYSTEM,DC=cimitrademo,DC=com
FACULTY,OU=FACULTY,OU=USERS,OU=KCC,OU=DEMOSYSTEM,DC=cimitrademo,DC=com
IT,OU=IT,OU=ADMINISTRATION,OU=USERS,OU=KCC,OU=DEMOSYSTEM,DC=cimitrademo,DC=com
ACME MEDICAL,OU=ACME MEDICAL,OU=DEMOSYSTEM,DC=cimitrademo,DC=com
USERS,OU=USERS,OU=ACME MEDICAL,OU=DEMOSYSTEM,DC=cimitrademo,DC=com
DOCTORS,OU=DOCTORS,OU=USERS,OU=ACME MEDICAL,OU=DEMOSYSTEM,DC=cimitrademo,DC=com
IT,OU=IT,OU=USERS,OU=KCC,OU=DEMOSYSTEM,DC=cimitrademo,DC=com
